Year,Best Picture,Best Actor,Best Actress,Best Director
2025 (97th),"Anora (winner), The Brutalist, A Complete Unknown, Conclave, Dune: Part Two, Emilia Pérez, I’m Still Here, Nickel Boys, The Substance, Wicked","Adrien Brody – The Brutalist (winner), Bradley Cooper – Maestro, Colman Domingo – Sing Sing, Barry Keoghan – Saltburn, Sebastian Stan – A Different Man","Mikey Madison – Anora (winner), Emma Stone – Kinds of Kindness, Carey Mulligan – Maestro, Sandra Hüller – The Zone of Interest, Natalie Portman – May December","Sean Baker – Anora (winner), Christopher Nolan – Oppenheimer, Yorgos Lanthimos – Kinds of Kindness, Greta Gerwig – Barbie, Denis Villeneuve – Dune: Part Two"
2024 (96th),"Oppenheimer (winner), American Fiction, Anatomy of a Fall, Barbie, The Holdovers, Killers of the Flower Moon, Maestro, Past Lives, Poor Things, The Zone of Interest","Cillian Murphy – Oppenheimer (winner), Bradley Cooper – Maestro, Colman Domingo – Rustin, Paul Giamatti – The Holdovers, Jeffrey Wright – American Fiction","Emma Stone – Poor Things (winner), Lily Gladstone – Killers of the Flower Moon, Carey Mulligan – Maestro, Annette Bening – Nyad, Sandra Hüller – Anatomy of a Fall","Christopher Nolan – Oppenheimer (winner), Justine Triet – Anatomy of a Fall, Martin Scorsese – Killers of the Flower Moon, Jonathan Glazer – The Zone of Interest, Yorgos Lanthimos – Poor Things"
2023 (95th),"Everything Everywhere All at Once (winner), All Quiet on the Western Front, Avatar: The Way of Water, The Banshees of Inisherin, Elvis, The Fabelmans, TÁR, Top Gun: Maverick, Triangle of Sadness, Women Talking","Brendan Fraser – The Whale (winner), Austin Butler – Elvis, Colin Farrell – The Banshees of Inisherin, Paul Mescal – Aftersun, Bill Nighy – Living","Michelle Yeoh – Everything Everywhere All at Once (winner), Cate Blanchett – TÁR, Ana de Armas – Blonde, Andrea Riseborough – To Leslie, Michelle Williams – The Fabelmans","Daniel Kwan & Daniel Scheinert – Everything Everywhere All at Once (winner), Martin McDonagh – The Banshees of Inisherin, Steven Spielberg – The Fabelmans, Todd Field – TÁR, Ruben Östlund – Triangle of Sadness"
2022 (94th),"CODA (winner), Belfast, Don’t Look Up, Drive My Car, Dune, King Richard, Licorice Pizza, Nightmare Alley, The Power of the Dog, West Side Story","Will Smith – King Richard (winner), Javier Bardem – Being the Ricardos, Benedict Cumberbatch – The Power of the Dog, Andrew Garfield – Tick, Tick… Boom!, Denzel Washington – The Tragedy of Macbeth","Jessica Chastain – The Eyes of Tammy Faye (winner), Olivia Colman – The Lost Daughter, Penélope Cruz – Parallel Mothers, Nicole Kidman – Being the Ricardos, Kristen Stewart – Spencer","Jane Campion – The Power of the Dog (winner), Kenneth Branagh – Belfast, Ryûsuke Hamaguchi – Drive My Car, Paul Thomas Anderson – Licorice Pizza, Steven Spielberg – West Side Story"
2021 (93rd),"Nomadland (winner), The Father, Judas and the Black Messiah, Mank, Minari, Promising Young Woman, Sound of Metal, The Trial of the Chicago 7","Anthony Hopkins – The Father (winner), Riz Ahmed – Sound of Metal, Chadwick Boseman – Ma Rainey’s Black Bottom, Gary Oldman – Mank, Steven Yeun – Minari","Frances McDormand – Nomadland (winner), Viola Davis – Ma Rainey’s Black Bottom, Andra Day – The United States vs. Billie Holiday, Vanessa Kirby – Pieces of a Woman, Carey Mulligan – Promising Young Woman","Chloé Zhao – Nomadland (winner), Thomas Vinterberg – Another Round, David Fincher – Mank, Lee Isaac Chung – Minari, Emerald Fennell – Promising Young Woman"
2020 (92nd),"Parasite (winner), 1917, Ford v Ferrari, The Irishman, Jojo Rabbit, Joker, Little Women, Marriage Story, Once Upon a Time in Hollywood","Joaquin Phoenix – Joker (winner), Antonio Banderas – Pain and Glory, Leonardo DiCaprio – Once Upon a Time in Hollywood, Adam Driver – Marriage Story, Jonathan Pryce – The Two Popes","Renée Zellweger – Judy (winner), Cynthia Erivo – Harriet, Scarlett Johansson – Marriage Story, Saoirse Ronan – Little Women, Charlize Theron – Bombshell","Bong Joon Ho – Parasite (winner), Sam Mendes – 1917, Todd Phillips – Joker, Martin Scorsese – The Irishman, Quentin Tarantino – Once Upon a Time in Hollywood"
2019 (91st),"Green Book (winner), Black Panther, BlacKkKlansman, Bohemian Rhapsody, The Favourite, Roma, A Star Is Born, Vice","Rami Malek – Bohemian Rhapsody (winner), Christian Bale – Vice, Bradley Cooper – A Star Is Born, Willem Dafoe – At Eternity’s Gate, Viggo Mortensen – Green Book","Olivia Colman – The Favourite (winner), Yalitza Aparicio – Roma, Glenn Close – The Wife, Lady Gaga – A Star Is Born, Melissa McCarthy – Can You Ever Forgive Me?","Alfonso Cuarón – Roma (winner), Spike Lee – BlacKkKlansman, Adam McKay – Vice, Pawel Pawlikowski – Cold War, Yorgos Lanthimos – The Favourite"
2018 (90th),"The Shape of Water (winner), Call Me by Your Name, Darkest Hour, Dunkirk, Get Out, Lady Bird, Phantom Thread, The Post, Three Billboards Outside Ebbing, Missouri","Gary Oldman – Darkest Hour (winner), Timothée Chalamet – Call Me by Your Name, Daniel Day-Lewis – Phantom Thread, Daniel Kaluuya – Get Out, Denzel Washington – Roman J. Israel, Esq.","Frances McDormand – Three Billboards Outside Ebbing, Missouri (winner), Sally Hawkins – The Shape of Water, Margot Robbie – I, Tonya, Saoirse Ronan – Lady Bird, Meryl Streep – The Post","Guillermo del Toro – The Shape of Water (winner), Greta Gerwig – Lady Bird, Christopher Nolan – Dunkirk, Jordan Peele – Get Out, Paul Thomas Anderson – Phantom Thread"
2017 (89th),"Moonlight (winner), Arrival, Fences, Hacksaw Ridge, Hell or High Water, Hidden Figures, La La Land, Lion, Manchester by the Sea","Casey Affleck – Manchester by the Sea (winner), Andrew Garfield – Hacksaw Ridge, Ryan Gosling – La La Land, Viggo Mortensen – Captain Fantastic, Denzel Washington – Fences","Emma Stone – La La Land (winner), Isabelle Huppert – Elle, Ruth Negga – Loving, Natalie Portman – Jackie, Meryl Streep – Florence Foster Jenkins","Damien Chazelle – La La Land (winner), Denis Villeneuve – Arrival, Mel Gibson – Hacksaw Ridge, Kenneth Lonergan – Manchester by the Sea, Barry Jenkins – Moonlight"
2016 (88th),"Spotlight (winner), The Big Short, Bridge of Spies, Brooklyn, Mad Max: Fury Road, The Martian, The Revenant, Room","Leonardo DiCaprio – The Revenant (winner), Bryan Cranston – Trumbo, Matt Damon – The Martian, Michael Fassbender – Steve Jobs, Eddie Redmayne – The Danish Girl","Brie Larson – Room (winner), Cate Blanchett – Carol, Jennifer Lawrence – Joy, Charlotte Rampling – 45 Years, Saoirse Ronan – Brooklyn","Alejandro G. Iñárritu – The Revenant (winner), Adam McKay – The Big Short, George Miller – Mad Max: Fury Road, Lenny Abrahamson – Room, Tom McCarthy – Spotlight"
2015 (87th),"Birdman or (The Unexpected Virtue of Ignorance) (winner), American Sniper, Boyhood, The Grand Budapest Hotel, The Imitation Game, Selma, The Theory of Everything, Whiplash","Eddie Redmayne – The Theory of Everything (winner), Steve Carell – Foxcatcher, Bradley Cooper – American Sniper, Benedict Cumberbatch – The Imitation Game, Michael Keaton – Birdman","Julianne Moore – Still Alice (winner), Marion Cotillard – Two Days, One Night, Felicity Jones – The Theory of Everything, Rosamund Pike – Gone Girl, Reese Witherspoon – Wild","Alejandro G. Iñárritu – Birdman (winner), Richard Linklater – Boyhood, Bennett Miller – Foxcatcher, Wes Anderson – The Grand Budapest Hotel, Morten Tyldum – The Imitation Game"
2014 (86th),"12 Years a Slave (winner), American Hustle, Captain Phillips, Dallas Buyers Club, Gravity, Her, Nebraska, Philomena, The Wolf of Wall Street","Matthew McConaughey – Dallas Buyers Club (winner), Christian Bale – American Hustle, Bruce Dern – Nebraska, Leonardo DiCaprio – The Wolf of Wall Street, Chiwetel Ejiofor – 12 Years a Slave","Cate Blanchett – Blue Jasmine (winner), Amy Adams – American Hustle, Sandra Bullock – Gravity, Judi Dench – Philomena, Meryl Streep – August: Osage County","Alfonso Cuarón – Gravity (winner), Steve McQueen – 12 Years a Slave, David O. Russell – American Hustle, Alexander Payne – Nebraska, Martin Scorsese – The Wolf of Wall Street"
2013 (85th),"Argo (winner), Amour, Beasts of the Southern Wild, Django Unchained, Les Misérables, Life of Pi, Lincoln, Silver Linings Playbook, Zero Dark Thirty","Daniel Day-Lewis – Lincoln (winner), Bradley Cooper – Silver Linings Playbook, Hugh Jackman – Les Misérables, Joaquin Phoenix – The Master, Denzel Washington – Flight","Jennifer Lawrence – Silver Linings Playbook (winner), Jessica Chastain – Zero Dark Thirty, Emmanuelle Riva – Amour, Quvenzhané Wallis – Beasts of the Southern Wild, Naomi Watts – The Impossible","Ang Lee – Life of Pi (winner), Michael Haneke – Amour, Benh Zeitlin – Beasts of the Southern Wild, Steven Spielberg – Lincoln, David O. Russell – Silver Linings Playbook"
2012 (84th),"The Artist (winner), The Descendants, Extremely Loud & Incredibly Close, The Help, Hugo, Midnight in Paris, Moneyball, The Tree of Life, War Horse","Jean Dujardin – The Artist (winner), Demián Bichir – A Better Life, George Clooney – The Descendants, Gary Oldman – Tinker Tailor Soldier Spy, Brad Pitt – Moneyball","Meryl Streep – The Iron Lady (winner), Glenn Close – Albert Nobbs, Viola Davis – The Help, Rooney Mara – The Girl with the Dragon Tattoo, Michelle Williams – My Week with Marilyn","Michel Hazanavicius – The Artist (winner), Woody Allen – Midnight in Paris, Terrence Malick – The Tree of Life, Alexander Payne – The Descendants, Martin Scorsese – Hugo"
2011 (83rd),"The King’s Speech (winner), 127 Hours, Black Swan, The Fighter, Inception, The Kids Are All Right, The Social Network, Toy Story 3, True Grit, Winter’s Bone","Colin Firth – The King’s Speech (winner), Javier Bardem – Biutiful, Jeff Bridges – True Grit, Jesse Eisenberg – The Social Network, James Franco – 127 Hours","Natalie Portman – Black Swan (winner), Annette Bening – The Kids Are All Right, Nicole Kidman – Rabbit Hole, Jennifer Lawrence – Winter’s Bone, Michelle Williams – Blue Valentine","Tom Hooper – The King’s Speech (winner), Darren Aronofsky – Black Swan, David O. Russell – The Fighter, David Fincher – The Social Network, Joel & Ethan Coen – True Grit"
2010 (82nd),"The Hurt Locker (winner), Avatar, The Blind Side, District 9, An Education, Inglourious Basterds, Precious, A Serious Man, Up, Up in the Air","Jeff Bridges – Crazy Heart (winner), George Clooney – Up in the Air, Colin Firth – A Single Man, Morgan Freeman – Invictus, Jeremy Renner – The Hurt Locker","Sandra Bullock – The Blind Side (winner), Helen Mirren – The Last Station, Carey Mulligan – An Education, Gabourey Sidibe – Precious, Meryl Streep – Julie & Julia","Kathryn Bigelow – The Hurt Locker (winner), James Cameron – Avatar, Lee Daniels – Precious, Jason Reitman – Up in the Air, Quentin Tarantino – Inglourious Basterds"
2009 (81st),"Slumdog Millionaire (winner), The Curious Case of Benjamin Button, Frost/Nixon, Milk, The Reader","Sean Penn – Milk (winner), Richard Jenkins – The Visitor, Frank Langella – Frost/Nixon, Brad Pitt – The Curious Case of Benjamin Button, Mickey Rourke – The Wrestler","Kate Winslet – The Reader (winner), Anne Hathaway – Rachel Getting Married, Angelina Jolie – Changeling, Melissa Leo – Frozen River, Meryl Streep – Doubt","Danny Boyle – Slumdog Millionaire (winner), Stephen Daldry – The Reader, David Fincher – The Curious Case of Benjamin Button, Ron Howard – Frost/Nixon, Gus Van Sant – Milk"
2008 (80th),"No Country for Old Men (winner), Atonement, Juno, Michael Clayton, There Will Be Blood","Daniel Day-Lewis – There Will Be Blood (winner), George Clooney – Michael Clayton, Johnny Depp – Sweeney Todd, Tommy Lee Jones – In the Valley of Elah, Viggo Mortensen – Eastern Promises","Marion Cotillard – La Vie en Rose (winner), Cate Blanchett – Elizabeth: The Golden Age, Julie Christie – Away from Her, Laura Linney – The Savages, Ellen Page – Juno","Joel & Ethan Coen – No Country for Old Men (winner), Julian Schnabel – The Diving Bell and the Butterfly, Jason Reitman – Juno, Tony Gilroy – Michael Clayton, Paul Thomas Anderson – There Will Be Blood"
2007 (79th),"The Departed (winner), Babel, Letters from Iwo Jima, Little Miss Sunshine, The Queen","Forest Whitaker – The Last King of Scotland (winner), Leonardo DiCaprio – Blood Diamond, Ryan Gosling – Half Nelson, Peter O’Toole – Venus, Will Smith – The Pursuit of Happyness","Helen Mirren – The Queen (winner), Penélope Cruz – Volver, Judi Dench – Notes on a Scandal, Meryl Streep – The Devil Wears Prada, Kate Winslet – Little Children","Martin Scorsese – The Departed (winner), Clint Eastwood – Letters from Iwo Jima, Stephen Frears – The Queen, Paul Greengrass – United 93, Alejandro González Iñárritu – Babel"
2006 (78th),"Crash (winner), Brokeback Mountain, Capote, Good Night, and Good Luck., Munich","Philip Seymour Hoffman – Capote (winner), Terrence Howard – Hustle & Flow, Heath Ledger – Brokeback Mountain, Joaquin Phoenix – Walk the Line, David Strathairn – Good Night, and Good Luck.","Reese Witherspoon – Walk the Line (winner), Judi Dench – Mrs Henderson Presents, Felicity Huffman – Transamerica, Keira Knightley – Pride & Prejudice, Charlize Theron – North Country","Ang Lee – Brokeback Mountain (winner), Bennett Miller – Capote, Paul Haggis – Crash, George Clooney – Good Night, and Good Luck., Steven Spielberg – Munich"
2005 (77th),"Million Dollar Baby (winner), The Aviator, Finding Neverland, Ray, Sideways","Jamie Foxx – Ray (winner), Don Cheadle – Hotel Rwanda, Johnny Depp – Finding Neverland, Leonardo DiCaprio – The Aviator, Clint Eastwood – Million Dollar Baby","Hilary Swank – Million Dollar Baby (winner), Annette Bening – Being Julia, Catalina Sandino Moreno – Maria Full of Grace, Imelda Staunton – Vera Drake, Kate Winslet – Eternal Sunshine of the Spotless Mind","Clint Eastwood – Million Dollar Baby (winner), Martin Scorsese – The Aviator, Taylor Hackford – Ray, Alexander Payne – Sideways, Mike Leigh – Vera Drake"
2004 (76th),"The Lord of the Rings: The Return of the King (winner), Lost in Translation, Master and Commander: The Far Side of the World, Mystic River, Seabiscuit","Sean Penn – Mystic River (winner), Johnny Depp – Pirates of the Caribbean: The Curse of the Black Pearl, Ben Kingsley – House of Sand and Fog, Jude Law – Cold Mountain, Bill Murray – Lost in Translation","Charlize Theron – Monster (winner), Keisha Castle-Hughes – Whale Rider, Diane Keaton – Something’s Gotta Give, Samantha Morton – In America, Naomi Watts – 21 Grams","Peter Jackson – The Lord of the Rings: The Return of the King (winner), Fernando Meirelles – City of God, Sofia Coppola – Lost in Translation, Peter Weir – Master and Commander, Clint Eastwood – Mystic River"
2003 (75th),"Chicago (winner), Gangs of New York, The Hours, The Lord of the Rings: The Two Towers, The Pianist","Adrien Brody – The Pianist (winner), Nicolas Cage – Adaptation., Michael Caine – The Quiet American, Daniel Day-Lewis – Gangs of New York, Jack Nicholson – About Schmidt","Nicole Kidman – The Hours (winner), Salma Hayek – Frida, Diane Lane – Unfaithful, Julianne Moore – Far from Heaven, Renée Zellweger – Chicago","Roman Polanski – The Pianist (winner), Pedro Almodóvar – Talk to Her, Stephen Daldry – The Hours, Rob Marshall – Chicago, Martin Scorsese – Gangs of New York"
2002 (74th),"A Beautiful Mind (winner), Gosford Park, In the Bedroom, The Lord of the Rings: The Fellowship of the Ring, Moulin Rouge!","Denzel Washington – Training Day (winner), Russell Crowe – A Beautiful Mind, Sean Penn – I Am Sam, Will Smith – Ali, Tom Wilkinson – In the Bedroom","Halle Berry – Monster’s Ball (winner), Judi Dench – Iris, Nicole Kidman – Moulin Rouge!, Sissy Spacek – In the Bedroom, Renée Zellweger – Bridget Jones’s Diary","Ron Howard – A Beautiful Mind (winner), Ridley Scott – Black Hawk Down, Peter Jackson – The Lord of the Rings: The Fellowship of the Ring, David Lynch – Mulholland Drive, Robert Altman – Gosford Park"
2001 (73rd),"Gladiator (winner), Chocolat, Crouching Tiger, Hidden Dragon, Erin Brockovich, Traffic","Russell Crowe – Gladiator (winner), Javier Bardem – Before Night Falls, Tom Hanks – Cast Away, Ed Harris – Pollock, Geoffrey Rush – Quills","Julia Roberts – Erin Brockovich (winner), Joan Allen – The Contender, Juliette Binoche – Chocolat, Ellen Burstyn – Requiem for a Dream, Laura Linney – You Can Count on Me","Steven Soderbergh – Traffic (winner), Stephen Daldry – Billy Elliot, Ang Lee – Crouching Tiger, Hidden Dragon, Ridley Scott – Gladiator, Steven Soderbergh – Erin Brockovich"
2000 (72nd),"American Beauty (winner), The Cider House Rules, The Green Mile, The Insider, The Sixth Sense","Kevin Spacey – American Beauty (winner), Russell Crowe – The Insider, Richard Farnsworth – The Straight Story, Sean Penn – Sweet and Lowdown, Denzel Washington – The Hurricane","Hilary Swank – Boys Don’t Cry (winner), Annette Bening – American Beauty, Janet McTeer – Tumbleweeds, Julianne Moore – The End of the Affair, Meryl Streep – Music of the Heart","Sam Mendes – American Beauty (winner), Lasse Hallström – The Cider House Rules, Spike Jonze – Being John Malkovich, Michael Mann – The Insider, M. Night Shyamalan – The Sixth Sense"
1999 (71st),"Shakespeare in Love (winner), Elizabeth, Life Is Beautiful, Saving Private Ryan, The Thin Red Line","Roberto Benigni – Life Is Beautiful (winner), Tom Hanks – Saving Private Ryan, Ian McKellen – Gods and Monsters, Nick Nolte – Affliction, Edward Norton – American History X","Gwyneth Paltrow – Shakespeare in Love (winner), Cate Blanchett – Elizabeth, Fernanda Montenegro – Central Station, Meryl Streep – One True Thing, Emily Watson – Hilary and Jackie","Steven Spielberg – Saving Private Ryan (winner), Roberto Benigni – Life Is Beautiful, John Madden – Shakespeare in Love, Terrence Malick – The Thin Red Line, Peter Weir – The Truman Show"
1998 (70th),"Titanic (winner), As Good as It Gets, The Full Monty, Good Will Hunting, L.A. Confidential","Jack Nicholson – As Good as It Gets (winner), Matt Damon – Good Will Hunting, Robert Duvall – The Apostle, Peter Fonda – Ulee’s Gold, Dustin Hoffman – Wag the Dog","Helen Hunt – As Good as It Gets (winner), Helena Bonham Carter – The Wings of the Dove, Julie Christie – Afterglow, Judi Dench – Mrs Brown, Kate Winslet – Titanic","James Cameron – Titanic (winner), Peter Cattaneo – The Full Monty, Gus Van Sant – Good Will Hunting, Curtis Hanson – L.A. Confidential, Atom Egoyan – The Sweet Hereafter"
1997 (69th),"The English Patient (winner), Fargo, Jerry Maguire, Secrets & Lies, Shine","Geoffrey Rush – Shine (winner), Tom Cruise – Jerry Maguire, Ralph Fiennes – The English Patient, Woody Harrelson – The People vs. Larry Flynt, Billy Bob Thornton – Sling Blade","Frances McDormand – Fargo (winner), Brenda Blethyn – Secrets & Lies, Diane Keaton – Marvin’s Room, Kristin Scott Thomas – The English Patient, Emily Watson – Breaking the Waves","Anthony Minghella – The English Patient (winner), Joel Coen – Fargo, Miloš Forman – The People vs. Larry Flynt, Scott Hicks – Shine, Mike Leigh – Secrets & Lies"
1996 (68th),"Braveheart (winner), Apollo 13, Babe, The Postman (Il Postino), Sense and Sensibility","Nicolas Cage – Leaving Las Vegas (winner), Richard Dreyfuss – Mr. Holland’s Opus, Anthony Hopkins – Nixon, Sean Penn – Dead Man Walking, Massimo Troisi – Il Postino","Susan Sarandon – Dead Man Walking (winner), Elisabeth Shue – Leaving Las Vegas, Sharon Stone – Casino, Meryl Streep – The Bridges of Madison County, Emma Thompson – Sense and Sensibility","Mel Gibson – Braveheart (winner), Chris Noonan – Babe, Tim Robbins – Dead Man Walking, Mike Figgis – Leaving Las Vegas, Michael Radford – Il Postino"
1995 (67th),"Forrest Gump (winner), Four Weddings and a Funeral, Pulp Fiction, Quiz Show, The Shawshank Redemption","Tom Hanks – Forrest Gump (winner), Morgan Freeman – The Shawshank Redemption, Nigel Hawthorne – The Madness of King George, Paul Newman – Nobody’s Fool, John Travolta – Pulp Fiction","Jessica Lange – Blue Sky (winner), Jodie Foster – Nell, Miranda Richardson – Tom & Viv, Winona Ryder – Little Women, Susan Sarandon – The Client","Robert Zemeckis – Forrest Gump (winner), Woody Allen – Bullets Over Broadway, Quentin Tarantino – Pulp Fiction, Robert Redford – Quiz Show, Krzysztof Kieślowski – Red"
1994 (66th),"Schindler’s List (winner), The Fugitive, In the Name of the Father, The Piano, The Remains of the Day","Tom Hanks – Philadelphia (winner), Daniel Day-Lewis – In the Name of the Father, Laurence Fishburne – What’s Love Got to Do with It, Anthony Hopkins – The Remains of the Day, Liam Neeson – Schindler’s List","Holly Hunter – The Piano (winner), Angela Bassett – What’s Love Got to Do with It, Stockard Channing – Six Degrees of Separation, Emma Thompson – The Remains of the Day, Debra Winger – Shadowlands","Steven Spielberg – Schindler’s List (winner), Robert Altman – Short Cuts, Jane Campion – The Piano, James Ivory – The Remains of the Day, Jim Sheridan – In the Name of the Father"
1993 (65th),"Unforgiven (winner), The Crying Game, A Few Good Men, Howards End, Scent of a Woman","Al Pacino – Scent of a Woman (winner), Robert Downey Jr. – Chaplin, Clint Eastwood – Unforgiven, Stephen Rea – The Crying Game, Denzel Washington – Malcolm X","Emma Thompson – Howards End (winner), Catherine Deneuve – Indochine, Mary McDonnell – Passion Fish, Michelle Pfeiffer – Love Field, Susan Sarandon – Lorenzo’s Oil","Clint Eastwood – Unforgiven (winner), Robert Altman – The Player, Martin Brest – Scent of a Woman, James Ivory – Howards End, Neil Jordan – The Crying Game"
1992 (64th),"The Silence of the Lambs (winner), Beauty and the Beast, Bugsy, JFK, The Prince of Tides","Anthony Hopkins – The Silence of the Lambs (winner), Warren Beatty – Bugsy, Robert De Niro – Cape Fear, Nick Nolte – The Prince of Tides, Robin Williams – The Fisher King","Jodie Foster – The Silence of the Lambs (winner), Geena Davis – Thelma & Louise, Laura Dern – Rambling Rose, Bette Midler – For the Boys, Susan Sarandon – Thelma & Louise","Jonathan Demme – The Silence of the Lambs (winner), Barry Levinson – Bugsy, Ridley Scott – Thelma & Louise, John Singleton – Boyz n the Hood, Oliver Stone – JFK"
1991 (63rd),"Dances with Wolves (winner), Awakenings, Ghost, The Godfather Part III, Goodfellas","Jeremy Irons – Reversal of Fortune (winner), Kevin Costner – Dances with Wolves, Robert De Niro – Awakenings, Gérard Depardieu – Cyrano de Bergerac, Richard Harris – The Field","Kathy Bates – Misery (winner), Anjelica Huston – The Grifters, Julia Roberts – Pretty Woman, Meryl Streep – Postcards from the Edge, Joanne Woodward – Mr. & Mrs. Bridge","Kevin Costner – Dances with Wolves (winner), Bernardo Bertolucci – The Sheltering Sky, Stephen Frears – The Grifters, Barbet Schroeder – Reversal of Fortune, Martin Scorsese – Goodfellas"
1990 (62nd),"Driving Miss Daisy (winner), Born on the Fourth of July, Dead Poets Society, Field of Dreams, My Left Foot","Daniel Day-Lewis – My Left Foot (winner), Kenneth Branagh – Henry V, Tom Cruise – Born on the Fourth of July, Morgan Freeman – Driving Miss Daisy, Robin Williams – Dead Poets Society","Jessica Tandy – Driving Miss Daisy (winner), Isabelle Adjani – Camille Claudel, Pauline Collins – Shirley Valentine, Jessica Lange – Music Box, Michelle Pfeiffer – The Fabulous Baker Boys","Oliver Stone – Born on the Fourth of July (winner), Kenneth Branagh – Henry V, Jim Sheridan – My Left Foot, Peter Weir – Dead Poets Society, Woody Allen – Crimes and Misdemeanors"
1989 (62nd),"Rain Man (winner), The Accidental Tourist, Dangerous Liaisons, Mississippi Burning, Working Girl","Dustin Hoffman – Rain Man (winner), Gene Hackman – Mississippi Burning, Tom Hanks – Big, Edward James Olmos – Stand and Deliver, Max von Sydow – Pelle the Conqueror","Jodie Foster – The Accused (winner), Glenn Close – Dangerous Liaisons, Melanie Griffith – Working Girl, Meryl Streep – A Cry in the Dark, Sigourney Weaver – Gorillas in the Mist","Barry Levinson – Rain Man (winner), Charles Crichton – A Fish Called Wanda, Mike Nichols – Working Girl, Alan Parker – Mississippi Burning, Martin Scorsese – The Last Temptation of Christ"
1988 (61st),"The Last Emperor (winner), Broadcast News, Fatal Attraction, Hope and Glory, Moonstruck","Michael Douglas – Wall Street (winner), William Hurt – Broadcast News, Marcello Mastroianni – Dark Eyes, Jack Nicholson – Ironweed, Robin Williams – Good Morning, Vietnam","Cher – Moonstruck (winner), Glenn Close – Fatal Attraction, Holly Hunter – Broadcast News, Sally Kirkland – Anna, Meryl Streep – Ironweed","Bernardo Bertolucci – The Last Emperor (winner), Adrian Lyne – Fatal Attraction, John Boorman – Hope and Glory, Norman Jewison – Moonstruck, Lasse Hallström – My Life as a Dog"
1987 (60th),"The Last Emperor (winner), Broadcast News, Fatal Attraction, Hope and Glory, Moonstruck","Paul Newman – The Color of Money (winner), Dexter Gordon – Round Midnight, Bob Hoskins – Mona Lisa, William Hurt – Children of a Lesser God, James Woods – Salvador","Marlee Matlin – Children of a Lesser God (winner), Jane Fonda – The Morning After, Sissy Spacek – Crimes of the Heart, Kathleen Turner – Peggy Sue Got Married, Sigourney Weaver – Aliens","Oliver Stone – Platoon (winner), Woody Allen – Hannah and Her Sisters, James Cameron – Aliens, Roland Joffé – The Mission, David Lynch – Blue Velvet"
1986 (59th),"Platoon (winner), Children of a Lesser God, Hannah and Her Sisters, The Mission, A Room with a View","Paul Newman – The Color of Money (winner), Dexter Gordon – Round Midnight, Bob Hoskins – Mona Lisa, William Hurt – Children of a Lesser God, James Woods – Salvador","Marlee Matlin – Children of a Lesser God (winner), Jane Fonda – The Morning After, Sissy Spacek – Crimes of the Heart, Kathleen Turner – Peggy Sue Got Married, Sigourney Weaver – Aliens","Oliver Stone – Platoon (winner), Woody Allen – Hannah and Her Sisters, James Cameron – Aliens, Roland Joffé – The Mission, David Lynch – Blue Velvet"
1985 (58th),"Out of Africa (winner), The Color Purple, Kiss of the Spider Woman, Prizzi’s Honor, Witness","William Hurt – Kiss of the Spider Woman (winner), Harrison Ford – Witness, James Garner – Murphy’s Romance, Jack Nicholson – Prizzi’s Honor, Jon Voight – Runaway Train","Geraldine Page – The Trip to Bountiful (winner), Anne Bancroft – Agnes of God, Whoopi Goldberg – The Color Purple, Jessica Lange – Sweet Dreams, Meryl Streep – Out of Africa","Sydney Pollack – Out of Africa (winner), Héctor Babenco – Kiss of the Spider Woman, John Huston – Prizzi’s Honor, Akira Kurosawa – Ran, Peter Weir – Witness"
1984 (57th),"Amadeus (winner), The Killing Fields, A Passage to India, Places in the Heart, A Soldier’s Story","F. Murray Abraham – Amadeus (winner), Jeff Bridges – Starman, Albert Finney – Under the Volcano, Tom Hulce – Amadeus, Sam Waterston – The Killing Fields","Sally Field – Places in the Heart (winner), Judy Davis – A Passage to India, Jessica Lange – Country, Vanessa Redgrave – The Bostonians, Sissy Spacek – The River","Miloš Forman – Amadeus (winner), Woody Allen – Broadway Danny Rose, Robert Benton – Places in the Heart, Roland Joffé – The Killing Fields, David Lean – A Passage to India"
1983 (56th),"Terms of Endearment (winner), The Big Chill, The Dresser, The Right Stuff, Tender Mercies","Robert Duvall – Tender Mercies (winner), Michael Caine – Educating Rita, Tom Conti – Reuben, Reuben, Tom Courtenay – The Dresser, Albert Finney – The Dresser","Shirley MacLaine – Terms of Endearment (winner), Jane Alexander – Testament, Meryl Streep – Silkwood, Julie Walters – Educating Rita, Debra Winger – Terms of Endearment","James L. Brooks – Terms of Endearment (winner), Bruce Beresford – Tender Mercies, Ingmar Bergman – Fanny and Alexander, Mike Nichols – Silkwood, Peter Yates – The Dresser"
1982 (55th),"Gandhi (winner), E.T. the Extra-Terrestrial, Missing, Tootsie, The Verdict","Ben Kingsley – Gandhi (winner), Dustin Hoffman – Tootsie, Jack Lemmon – Missing, Paul Newman – The Verdict, Peter O’Toole – My Favorite Year","Meryl Streep – Sophie’s Choice (winner), Julie Andrews – Victor/Victoria, Jessica Lange – Frances, Sissy Spacek – Missing, Debra Winger – An Officer and a Gentleman","Richard Attenborough – Gandhi (winner), Sidney Lumet – The Verdict, Wolfgang Petersen – Das Boot, Sydney Pollack – Tootsie, Steven Spielberg – E.T. the Extra-Terrestrial"
1981 (54th),"Chariots of Fire (winner), Atlantic City, On Golden Pond, Raiders of the Lost Ark, Reds","Henry Fonda – On Golden Pond (winner), Warren Beatty – Reds, Burt Lancaster – Atlantic City, Dudley Moore – Arthur, Paul Newman – Absence of Malice","Katharine Hepburn – On Golden Pond (winner), Diane Keaton – Reds, Marsha Mason – Only When I Laugh, Susan Sarandon – Atlantic City, Meryl Streep – The French Lieutenant’s Woman","Warren Beatty – Reds (winner), Hugh Hudson – Chariots of Fire, Louis Malle – Atlantic City, Mark Rydell – On Golden Pond, Steven Spielberg – Raiders of the Lost Ark"
1980 (53rd),"Ordinary People (winner), Coal Miner’s Daughter, The Elephant Man, Raging Bull, Tess","Robert De Niro – Raging Bull (winner), Robert Duvall – The Great Santini, John Hurt – The Elephant Man, Jack Lemmon – Tribute, Peter O’Toole – The Stunt Man","Sissy Spacek – Coal Miner’s Daughter (winner), Ellen Burstyn – Resurrection, Goldie Hawn – Private Benjamin, Mary Tyler Moore – Ordinary People, Gena Rowlands – Gloria","Robert Redford – Ordinary People (winner), David Lynch – The Elephant Man, Roman Polanski – Tess, Richard Rush – The Stunt Man, Martin Scorsese – Raging Bull"
1979 (52nd),"Kramer vs. Kramer (winner), All That Jazz, Apocalypse Now, Breaking Away, Norma Rae","Dustin Hoffman – Kramer vs. Kramer (winner), Jack Lemmon – The China Syndrome, Al Pacino – …And Justice for All, Roy Scheider – All That Jazz, Peter Sellers – Being There","Sally Field – Norma Rae (winner), Jill Clayburgh – Starting Over, Jane Fonda – The China Syndrome, Marsha Mason – Chapter Two, Bette Midler – The Rose","Robert Benton – Kramer vs. Kramer (winner), Francis Ford Coppola – Apocalypse Now, Bob Fosse – All That Jazz, Peter Yates – Breaking Away, Édouard Molinaro – La Cage aux Folles"
1978 (51st),"The Deer Hunter (winner), Coming Home, Heaven Can Wait, Midnight Express, An Unmarried Woman","Jon Voight – Coming Home (winner), Warren Beatty – Heaven Can Wait, Gary Busey – The Buddy Holly Story, Robert De Niro – The Deer Hunter, Laurence Olivier – The Boys from Brazil","Jane Fonda – Coming Home (winner), Ingrid Bergman – Autumn Sonata, Ellen Burstyn – Same Time, Next Year, Jill Clayburgh – An Unmarried Woman, Geraldine Page – Interiors","Michael Cimino – The Deer Hunter (winner), Hal Ashby – Coming Home, Warren Beatty & Buck Henry – Heaven Can Wait, Woody Allen – Interiors, Alan Parker – Midnight Express"
1977 (50th),"Annie Hall (winner), The Goodbye Girl, Julia, Star Wars, The Turning Point","Richard Dreyfuss – The Goodbye Girl (winner), Woody Allen – Annie Hall, Richard Burton – Equus, Marcello Mastroianni – A Special Day, John Travolta – Saturday Night Fever","Diane Keaton – Annie Hall (winner), Anne Bancroft – The Turning Point, Jane Fonda – Julia, Shirley MacLaine – The Turning Point, Marsha Mason – The Goodbye Girl","Woody Allen – Annie Hall (winner), George Lucas – Star Wars, Steven Spielberg – Close Encounters of the Third Kind, Fred Zinnemann – Julia, Herbert Ross – The Turning Point"
1976 (49th),"Rocky (winner), All the President’s Men, Bound for Glory, Network, Taxi Driver","Peter Finch – Network (winner), Robert De Niro – Taxi Driver, Giancarlo Giannini – Seven Beauties, William Holden – Network, Sylvester Stallone – Rocky","Faye Dunaway – Network (winner), Marie-Christine Barrault – Cousin, Cousine, Talia Shire – Rocky, Sissy Spacek – Carrie, Liv Ullmann – Face to Face","John G. Avildsen – Rocky (winner), Ingmar Bergman – Face to Face, Sidney Lumet – Network, Alan J. Pakula – All the President’s Men, Lina Wertmüller – Seven Beauties"
1975 (48th),"One Flew Over the Cuckoo’s Nest (winner), Barry Lyndon, Dog Day Afternoon, Jaws, Nashville","Jack Nicholson – One Flew Over the Cuckoo’s Nest (winner), Walter Matthau – The Sunshine Boys, Al Pacino – Dog Day Afternoon, Maximilian Schell – The Man in the Glass Booth, James Whitmore – Give ‘Em Hell, Harry!","Louise Fletcher – One Flew Over the Cuckoo’s Nest (winner), Isabelle Adjani – The Story of Adele H., Ann-Margret – Tommy, Glenda Jackson – Hedda, Carol Kane – Hester Street","Miloš Forman – One Flew Over the Cuckoo’s Nest (winner), Robert Altman – Nashville, Federico Fellini – Amarcord, Stanley Kubrick – Barry Lyndon, Sidney Lumet – Dog Day Afternoon"
1974 (47th),"The Godfather Part II (winner), Chinatown, The Conversation, Lenny, The Towering Inferno","Art Carney – Harry and Tonto (winner), Albert Finney – Murder on the Orient Express, Dustin Hoffman – Lenny, Jack Nicholson – Chinatown, Al Pacino – The Godfather Part II","Ellen Burstyn – Alice Doesn’t Live Here Anymore (winner), Diahann Carroll – Claudine, Faye Dunaway – Chinatown, Valerie Perrine – Lenny, Gena Rowlands – A Woman Under the Influence","Francis Ford Coppola – The Godfather Part II (winner), John Boorman – Deliverance, John Cassavetes – A Woman Under the Influence, Roman Polanski – Chinatown, François Truffaut – Day for Night"
1973 (46th),"The Sting (winner), American Graffiti, Cries and Whispers, The Exorcist, A Touch of Class","Jack Lemmon – Save the Tiger (winner), Marlon Brando – Last Tango in Paris, Jack Nicholson – The Last Detail, Al Pacino – Serpico, Robert Redford – The Sting","Glenda Jackson – A Touch of Class (winner), Ellen Burstyn – The Exorcist, Marsha Mason – Cinderella Liberty, Barbra Streisand – The Way We Were, Joanne Woodward – Summer Wishes, Winter Dreams","George Roy Hill – The Sting (winner), Ingmar Bergman – Cries and Whispers, Bernardo Bertolucci – Last Tango in Paris, William Friedkin – The Exorcist, George Lucas – American Graffiti"
1972 (45th),"The Godfather (winner), Cabaret, Deliverance, The Emigrants, Sounder","Marlon Brando – The Godfather (winner), Michael Caine – Sleuth, Laurence Olivier – Sleuth, Peter O’Toole – The Ruling Class, Paul Winfield – Sounder","Liza Minnelli – Cabaret (winner), Diana Ross – Lady Sings the Blues, Maggie Smith – Travels with My Aunt, Cicely Tyson – Sounder, Liv Ullmann – The Emigrants","Bob Fosse – Cabaret (winner), John Boorman – Deliverance, Francis Ford Coppola – The Godfather, Joseph L. Mankiewicz – Sleuth, Jan Trozell – The Emigrants"
1971 (44th),"The French Connection (winner), A Clockwork Orange, Fiddler on the Roof, The Last Picture Show, Nicholas and Alexandra","Gene Hackman – The French Connection (winner), Peter Finch – Sunday Bloody Sunday, Walter Matthau – Kotch, George C. Scott – The Hospital, Topol – Fiddler on the Roof","Jane Fonda – Klute (winner), Julie Christie – McCabe & Mrs. Miller, Glenda Jackson – Sunday Bloody Sunday, Vanessa Redgrave – Mary Queen of Scots, Janet Suzman – Nicholas and Alexandra","William Friedkin – The French Connection (winner), Peter Bogdanovich – The Last Picture Show, Norman Jewison – Fiddler on the Roof, Stanley Kubrick – A Clockwork Orange, John Schlesinger – Sunday Bloody Sunday"
1970 (43rd),"Patton (winner), Airport, Five Easy Pieces, Love Story, MASH*","George C. Scott – Patton (winner), Melvyn Douglas – I Never Sang for My Father, James Earl Jones – The Great White Hope, Jack Nicholson – Five Easy Pieces, Ryan O’Neal – Love Story","Glenda Jackson – Women in Love (winner), Jane Alexander – The Great White Hope, Ali MacGraw – Love Story, Sarah Miles – Ryan’s Daughter, Carrie Snodgress – Diary of a Mad Housewife","Franklin J. Schaffner – Patton (winner), Federico Fellini – Fellini Satyricon, Arthur Hiller – Love Story, Ken Russell – Women in Love, Robert Altman – MASH*"
1969 (42nd),"Midnight Cowboy (winner), Anne of the Thousand Days, Butch Cassidy and the Sundance Kid, Hello, Dolly!, Z","John Wayne – True Grit (winner), Richard Burton – Anne of the Thousand Days, Dustin Hoffman – Midnight Cowboy, Peter O’Toole – Goodbye, Mr. Chips, Jon Voight – Midnight Cowboy","Maggie Smith – The Prime of Miss Jean Brodie (winner), Geneviève Bujold – Anne of the Thousand Days, Jane Fonda – They Shoot Horses, Don’t They?, Liza Minnelli – The Sterile Cuckoo, Jean Simmons – The Happy Ending","John Schlesinger – Midnight Cowboy (winner), Costa-Gavras – Z, George Roy Hill – Butch Cassidy and the Sundance Kid, Arthur Penn – Alice’s Restaurant, Sydney Pollack – They Shoot Horses, Don’t They?"
1968 (41st),"Oliver! (winner), Funny Girl, The Lion in Winter, Rachel, Rachel, Romeo and Juliet","Cliff Robertson – Charly (winner), Alan Arkin – The Heart Is a Lonely Hunter, Alan Bates – The Fixer, Ron Moody – Oliver!, Peter O’Toole – The Lion in Winter","Barbra Streisand – Funny Girl (winner) (tied), Katharine Hepburn – The Lion in Winter (winner) (tie), Patricia Neal – The Subject Was Roses, Vanessa Redgrave – Isadora, Joanne Woodward – Rachel, Rachel","Carol Reed – Oliver! (winner), Anthony Harvey – The Lion in Winter, Stanley Kubrick – 2001: A Space Odyssey, Gillo Pontecorvo – The Battle of Algiers, Franco Zeffirelli – Romeo and Juliet"
1967 (40th),"In the Heat of the Night (winner), Bonnie and Clyde, Doctor Dolittle, The Graduate, Guess Who’s Coming to Dinner","Rod Steiger – In the Heat of the Night (winner), Warren Beatty – Bonnie and Clyde, Dustin Hoffman – The Graduate, Paul Newman – Cool Hand Luke, Spencer Tracy – Guess Who’s Coming to Dinner","Katharine Hepburn – Guess Who’s Coming to Dinner (winner), Anne Bancroft – The Graduate, Faye Dunaway – Bonnie and Clyde, Audrey Hepburn – Wait Until Dark, Edith Evans – The Whisperers","Mike Nichols – The Graduate (winner), Richard Brooks – In Cold Blood, Norman Jewison – In the Heat of the Night, Arthur Penn – Bonnie and Clyde, Stanley Kramer – Guess Who’s Coming to Dinner"
1966 (39th),"A Man for All Seasons (winner), Alfie, The Russians Are Coming, the Russians Are Coming, The Sand Pebbles, Who’s Afraid of Virginia Woolf?","Paul Scofield – A Man for All Seasons (winner), Alan Arkin – The Russians Are Coming, the Russians Are Coming, Richard Burton – Who’s Afraid of Virginia Woolf?, Michael Caine – Alfie, Steve McQueen – The Sand Pebbles","Elizabeth Taylor – Who’s Afraid of Virginia Woolf? (winner), Anouk Aimée – A Man and a Woman, Ida Kaminska – The Shop on Main Street, Lynn Redgrave – Georgy Girl, Vanessa Redgrave – Morgan!","Fred Zinnemann – A Man for All Seasons (winner), Michelangelo Antonioni – Blow-Up, Richard Brooks – The Professionals, Claude Lelouch – A Man and a Woman, Mike Nichols – Who’s Afraid of Virginia Woolf?"
1965 (38th),"The Sound of Music (winner), Darling, Doctor Zhivago, Ship of Fools, A Thousand Clowns","Lee Marvin – Cat Ballou (winner), Richard Burton – The Spy Who Came in from the Cold, Laurence Olivier – Othello, Rod Steiger – The Pawnbroker, Oskar Werner – Ship of Fools","Julie Christie – Darling (winner), Julie Andrews – The Sound of Music, Samantha Eggar – The Collector, Elizabeth Hartman – A Patch of Blue, Simone Signoret – Ship of Fools","Robert Wise – The Sound of Music (winner), David Lean – Doctor Zhivago, John Schlesinger – Darling, Hiroshi Teshigahara – Woman in the Dunes, William Wyler – The Collector"
1964 (37th),"My Fair Lady (winner), Becket, Dr. Strangelove or: How I Learned to Stop Worrying and Love the Bomb, Mary Poppins, Zorba the Greek","Rex Harrison – My Fair Lady (winner), Richard Burton – Becket, Peter O’Toole – Becket, Anthony Quinn – Zorba the Greek, Peter Sellers – Dr. Strangelove","Julie Andrews – Mary Poppins (winner), Anne Bancroft – The Pumpkin Eater, Sophia Loren – Marriage Italian Style, Debbie Reynolds – The Unsinkable Molly Brown, Kim Stanley – Séance on a Wet Afternoon","George Cukor – My Fair Lady (winner), Michael Cacoyannis – Zorba the Greek, Peter Glenville – Becket, Stanley Kubrick – Dr. Strangelove, Robert Stevenson – Mary Poppins"
1963 (36th),"Tom Jones (winner), America, America, Cleopatra, How the West Was Won, Lilies of the Field","Sidney Poitier – Lilies of the Field (winner), Albert Finney – Tom Jones, Richard Harris – This Sporting Life, Rex Harrison – Cleopatra, Paul Newman – Hud","Patricia Neal – Hud (winner), Leslie Caron – The L-Shaped Room, Shirley MacLaine – Irma la Douce, Rachel Roberts – This Sporting Life, Natalie Wood – Love with the Proper Stranger","Tony Richardson – Tom Jones (winner), Federico Fellini – 8½, Elia Kazan – America, America, Otto Preminger – The Cardinal, Martin Ritt – Hud"
1962 (35th),"Lawrence of Arabia (winner), The Longest Day, The Music Man, Mutiny on the Bounty, To Kill a Mockingbird","Gregory Peck – To Kill a Mockingbird (winner), Burt Lancaster – Birdman of Alcatraz, Jack Lemmon – Days of Wine and Roses, Marcello Mastroianni – Divorce Italian Style, Peter O’Toole – Lawrence of Arabia","Anne Bancroft – The Miracle Worker (winner), Bette Davis – What Ever Happened to Baby Jane?, Katharine Hepburn – Long Day’s Journey Into Night, Geraldine Page – Sweet Bird of Youth, Lee Remick – Days of Wine and Roses","David Lean – Lawrence of Arabia (winner), Pietro Germi – Divorce Italian Style, Robert Mulligan – To Kill a Mockingbird, Arthur Penn – The Miracle Worker, Frank Perry – David and Lisa"
1961 (34th),"West Side Story (winner), Fanny, The Guns of Navarone, The Hustler, Judgment at Nuremberg","Maximilian Schell – Judgment at Nuremberg (winner), Charles Boyer – Fanny, Paul Newman – The Hustler, Spencer Tracy – Judgment at Nuremberg, Stuart Whitman – The Mark","Sophia Loren – Two Women (winner), Audrey Hepburn – Breakfast at Tiffany’s, Piper Laurie – The Hustler, Geraldine Page – Summer and Smoke, Natalie Wood – Splendor in the Grass","Jerome Robbins & Robert Wise – West Side Story (winner), Federico Fellini – La Dolce Vita, Stanley Kramer – Judgment at Nuremberg, Robert Rossen – The Hustler, J. Lee Thompson – The Guns of Navarone"
1960 (33rd),"The Apartment (winner), The Alamo, Elmer Gantry, Sons and Lovers, The Sundowners","Burt Lancaster – Elmer Gantry (winner), Trevor Howard – Sons and Lovers, Jack Lemmon – The Apartment, Laurence Olivier – The Entertainer, Spencer Tracy – Inherit the Wind","Elizabeth Taylor – BUtterfield 8 (winner), Greer Garson – Sunrise at Campobello, Deborah Kerr – The Sundowners, Shirley MacLaine – The Apartment, Melina Mercouri – Never on Sunday","Billy Wilder – The Apartment (winner), Jack Cardiff – Sons and Lovers, Jules Dassin – Never on Sunday, Alfred Hitchcock – Psycho, Fred Zinnemann – The Sundowners"
1959 (32nd),"Ben-Hur (winner), Anatomy of a Murder, The Diary of Anne Frank, The Nun’s Story, Room at the Top","Charlton Heston – Ben-Hur (winner), Laurence Harvey – Room at the Top, Jack Lemmon – Some Like It Hot, Paul Muni – The Last Angry Man, James Stewart – Anatomy of a Murder","Simone Signoret – Room at the Top (winner), Doris Day – Pillow Talk, Audrey Hepburn – The Nun’s Story, Katharine Hepburn – Suddenly, Last Summer, Elizabeth Taylor – Suddenly, Last Summer","William Wyler – Ben-Hur (winner), Jack Clayton – Room at the Top, George Stevens – The Diary of Anne Frank, Fred Zinnemann – The Nun’s Story, Billy Wilder – Some Like It Hot"
1958 (31st),"Gigi (winner), Auntie Mame, Cat on a Hot Tin Roof, The Defiant Ones, Separate Tables","David Niven – Separate Tables (winner), Tony Curtis – The Defiant Ones, Paul Newman – Cat on a Hot Tin Roof, Sidney Poitier – The Defiant Ones, Spencer Tracy – The Old Man and the Sea","Susan Hayward – I Want to Live! (winner), Deborah Kerr – Separate Tables, Shirley MacLaine – Some Came Running, Rosalind Russell – Auntie Mame, Elizabeth Taylor – Cat on a Hot Tin Roof","Vincente Minnelli – Gigi (winner), Richard Brooks – Cat on a Hot Tin Roof, Stanley Kramer – The Defiant Ones, Robert Wise – I Want to Live!, Mark Robson – The Inn of the Sixth Happiness"
1957 (30th),"The Bridge on the River Kwai (winner), 12 Angry Men, Peyton Place, Sayonara, Witness for the Prosecution","Alec Guinness – The Bridge on the River Kwai (winner), Marlon Brando – Sayonara, Anthony Franciosa – A Hatful of Rain, Charles Laughton – Witness for the Prosecution, Anthony Quinn – Wild Is the Wind","Joanne Woodward – The Three Faces of Eve (winner), Deborah Kerr – Heaven Knows, Mr. Allison, Anna Magnani – Wild Is the Wind, Elizabeth Taylor – Raintree County, Lana Turner – Peyton Place","David Lean – The Bridge on the River Kwai (winner), Mark Robson – Peyton Place, Joshua Logan – Sayonara, Sidney Lumet – 12 Angry Men, Billy Wilder – Witness for the Prosecution"
1956 (29th),"Around the World in 80 Days (winner), Friendly Persuasion, Giant, The King and I, The Ten Commandments","Yul Brynner – The King and I (winner), James Dean – Giant, Kirk Douglas – Lust for Life, Rock Hudson – Giant, Laurence Olivier – Richard III","Ingrid Bergman – Anastasia (winner), Carroll Baker – Baby Doll, Katharine Hepburn – The Rainmaker, Nancy Kelly – The Bad Seed, Deborah Kerr – The King and I","George Stevens – Giant (winner), Michael Anderson – Around the World in 80 Days, Cecil B. DeMille – The Ten Commandments, King Vidor – War and Peace, William Wyler – Friendly Persuasion"
1955 (28th),"Marty (winner), Love Is a Many-Splendored Thing, Mister Roberts, Picnic, The Rose Tattoo","Ernest Borgnine – Marty (winner), James Cagney – Love Me or Leave Me, James Dean – East of Eden, Frank Sinatra – The Man with the Golden Arm, Spencer Tracy – Bad Day at Black Rock","Anna Magnani – The Rose Tattoo (winner), Susan Hayward – I’ll Cry Tomorrow, Katharine Hepburn – Summertime, Jennifer Jones – Love Is a Many-Splendored Thing, Eleanor Parker – Interrupted Melody","Delbert Mann – Marty (winner), John Sturges – Bad Day at Black Rock, Elia Kazan – East of Eden, Joshua Logan – Picnic, David Lean – Summertime"
1954 (27th),"On the Waterfront (winner), The Caine Mutiny, The Country Girl, Seven Brides for Seven Brothers, Three Coins in the Fountain","Marlon Brando – On the Waterfront (winner), Humphrey Bogart – The Caine Mutiny, Bing Crosby – The Country Girl, James Mason – A Star Is Born, Dan O’Herlihy – Adventures of Robinson Crusoe","Grace Kelly – The Country Girl (winner), Dorothy Dandridge – Carmen Jones, Judy Garland – A Star Is Born, Audrey Hepburn – Sabrina, Jane Wyman – Magnificent Obsession","Elia Kazan – On the Waterfront (winner), Alfred Hitchcock – Rear Window, George Seaton – The Country Girl, William Wellman – The High and the Mighty, Billy Wilder – Sabrina"
1953 (26th),"From Here to Eternity (winner), Julius Caesar, The Robe, Roman Holiday, Shane","William Holden – Stalag 17 (winner), Marlon Brando – Julius Caesar, Richard Burton – The Robe, Montgomery Clift – From Here to Eternity, Burt Lancaster – From Here to Eternity","Audrey Hepburn – Roman Holiday (winner), Leslie Caron – Lili, Ava Gardner – Mogambo, Deborah Kerr – From Here to Eternity, Maggie McNamara – The Moon Is Blue","Fred Zinnemann – From Here to Eternity (winner), George Stevens – Shane, Charles Walters – Lili, Billy Wilder – Stalag 17, William Wyler – Roman Holiday"
1952 (25th),"The Greatest Show on Earth (winner), High Noon, Ivanhoe, Moulin Rouge, The Quiet Man","Gary Cooper – High Noon (winner), Marlon Brando – Viva Zapata!, Kirk Douglas – The Bad and the Beautiful, José Ferrer – Moulin Rouge, Alec Guinness – The Lavender Hill Mob","Shirley Booth – Come Back, Little Sheba (winner), Joan Crawford – Sudden Fear, Bette Davis – The Star, Julie Harris – The Member of the Wedding, Susan Hayward – With a Song in My Heart","John Ford – The Quiet Man (winner), Cecil B. DeMille – The Greatest Show on Earth, Joseph L. Mankiewicz – Five Fingers, Fred Zinnemann – High Noon, John Huston – Moulin Rouge"
1951 (24th),"An American in Paris (winner), Decision Before Dawn, A Place in the Sun, Quo Vadis, A Streetcar Named Desire","Humphrey Bogart – The African Queen (winner), Marlon Brando – A Streetcar Named Desire, Montgomery Clift – A Place in the Sun, Arthur Kennedy – Bright Victory, Fredric March – Death of a Salesman","Vivien Leigh – A Streetcar Named Desire (winner), Katharine Hepburn – The African Queen, Eleanor Parker – Detective Story, Shelley Winters – A Place in the Sun, Jane Wyman – The Blue Veil","George Stevens – A Place in the Sun (winner), John Huston – The African Queen, Elia Kazan – A Streetcar Named Desire, Vincente Minnelli – An American in Paris, William Wyler – Detective Story"
1950 (23rd),"All About Eve (winner), Born Yesterday, Father of the Bride, King Solomon’s Mines, Sunset Boulevard","José Ferrer – Cyrano de Bergerac (winner), Louis Calhern – The Magnificent Yankee, William Holden – Sunset Boulevard, James Stewart – Harvey, Spencer Tracy – Father of the Bride","Judy Holliday – Born Yesterday (winner), Anne Baxter – All About Eve, Bette Davis – All About Eve, Eleanor Parker – Caged, Gloria Swanson – Sunset Boulevard","Joseph L. Mankiewicz – All About Eve (winner), George Cukor – Born Yesterday, John Huston – The Asphalt Jungle, Carol Reed – The Third Man, Billy Wilder – Sunset Boulevard"
1949 (22nd),"All the King’s Men (winner), Battleground, The Heiress, A Letter to Three Wives, Twelve O’Clock High","Broderick Crawford – All the King’s Men (winner), Kirk Douglas – Champion, Gregory Peck – Twelve O’Clock High, Richard Todd – The Hasty Heart, John Wayne – Sands of Iwo Jima","Olivia de Havilland – The Heiress (winner), Jeanne Crain – Pinky, Susan Hayward – My Foolish Heart, Deborah Kerr – Edward, My Son, Loretta Young – Come to the Stable","Joseph L. Mankiewicz – A Letter to Three Wives (winner), Carol Reed – The Fallen Idol, Robert Rossen – All the King’s Men, William A. Wellman – Battleground, William Wyler – The Heiress"
1948 (21st),"Hamlet (winner), Johnny Belinda, The Red Shoes, The Snake Pit, The Treasure of the Sierra Madre","Laurence Olivier – Hamlet (winner), Lew Ayres – Johnny Belinda, Montgomery Clift – The Search, Dan Dailey – When My Baby Smiles at Me, Clifton Webb – Sitting Pretty","Jane Wyman – Johnny Belinda (winner), Ingrid Bergman – Joan of Arc, Olivia de Havilland – The Snake Pit, Irene Dunne – I Remember Mama, Barbara Stanwyck – Sorry, Wrong Number","John Huston – The Treasure of the Sierra Madre (winner), Anatole Litvak – The Snake Pit, Jean Negulesco – Johnny Belinda, Laurence Olivier – Hamlet, Fred Zinnemann – The Search"
1947 (20th),"Gentleman’s Agreement (winner), The Bishop’s Wife, Crossfire, Great Expectations, Miracle on 34th Street","Ronald Colman – A Double Life (winner), John Garfield – Body and Soul, Gregory Peck – Gentleman’s Agreement, William Powell – Life with Father, Michael Redgrave – Mourning Becomes Electra","Loretta Young – The Farmer’s Daughter (winner), Joan Crawford – Possessed, Susan Hayward – Smash-Up: The Story of a Woman, Dorothy McGuire – Gentleman’s Agreement, Rosalind Russell – Mourning Becomes Electra","Elia Kazan – Gentleman’s Agreement (winner), George Cukor – A Double Life, Edward Dmytryk – Crossfire, Henry Koster – The Bishop’s Wife, David Lean – Great Expectations"
1946 (19th),"The Best Years of Our Lives (winner), Henry V, It’s a Wonderful Life, The Razor’s Edge, The Yearling","Fredric March – The Best Years of Our Lives (winner), Laurence Olivier – Henry V, Larry Parks – The Jolson Story, Gregory Peck – The Yearling, James Stewart – It’s a Wonderful Life","Olivia de Havilland – To Each His Own (winner), Celia Johnson – Brief Encounter, Jennifer Jones – Duel in the Sun, Rosalind Russell – Sister Kenny, Jane Wyman – The Yearling","William Wyler – The Best Years of Our Lives (winner), Clarence Brown – The Yearling, Frank Capra – It’s a Wonderful Life, David Lean – Brief Encounter, Robert Siodmak – The Killers"
1945 (18th),"The Lost Weekend (winner), Anchors Aweigh, The Bells of St. Mary’s, Mildred Pierce, Spellbound","Ray Milland – The Lost Weekend (winner), Bing Crosby – The Bells of St. Mary’s, Gene Kelly – Anchors Aweigh, Gregory Peck – The Keys of the Kingdom, Cornel Wilde – A Song to Remember","Joan Crawford – Mildred Pierce (winner), Ingrid Bergman – The Bells of St. Mary’s, Greer Garson – The Valley of Decision, Jennifer Jones – Love Letters, Gene Tierney – Leave Her to Heaven","Billy Wilder – The Lost Weekend (winner), Clarence Brown – National Velvet, Leo McCarey – The Bells of St. Mary’s, Jean Renoir – The Southerner, Alfred Hitchcock – Spellbound"
1944 (17th),"Going My Way (winner), Double Indemnity, Gaslight, Since You Went Away, Wilson","Bing Crosby – Going My Way (winner), Charles Boyer – Gaslight, Barry Fitzgerald – Going My Way, Cary Grant – None But the Lonely Heart, Alexander Knox – Wilson","Ingrid Bergman – Gaslight (winner), Claudette Colbert – Since You Went Away, Bette Davis – Mr. Skeffington, Greer Garson – Mrs. Parkington, Barbara Stanwyck – Double Indemnity","Leo McCarey – Going My Way (winner), Alfred Hitchcock – Lifeboat, Henry King – Wilson, Billy Wilder – Double Indemnity, Otto Preminger – Laura"
1943 (16th),"Casablanca (winner), For Whom the Bell Tolls, Heaven Can Wait, The Human Comedy, In Which We Serve, Madame Curie, The More the Merrier, The Ox-Bow Incident, The Song of Bernadette, Watch on the Rhine","Paul Lukas – Watch on the Rhine (winner), Humphrey Bogart – Casablanca, Gary Cooper – For Whom the Bell Tolls, Walter Pidgeon – Madame Curie, Mickey Rooney – The Human Comedy","Jennifer Jones – The Song of Bernadette (winner), Jean Arthur – The More the Merrier, Ingrid Bergman – For Whom the Bell Tolls, Joan Fontaine – The Constant Nymph, Greer Garson – Madame Curie","Michael Curtiz – Casablanca (winner), Clarence Brown – The Human Comedy, Henry King – The Song of Bernadette, Ernst Lubitsch – Heaven Can Wait, George Stevens – The More the Merrier"
1942 (15th),"Mrs. Miniver (winner), 49th Parallel, Kings Row, The Magnificent Ambersons, The Pied Piper, The Pride of the Yankees, Random Harvest, The Talk of the Town, Wake Island, Yankee Doodle Dandy","James Cagney – Yankee Doodle Dandy (winner), Ronald Colman – Random Harvest, Gary Cooper – The Pride of the Yankees, Walter Pidgeon – Mrs. Miniver, Monty Woolley – The Pied Piper","Greer Garson – Mrs. Miniver (winner), Bette Davis – Now, Voyager, Katharine Hepburn – Woman of the Year, Rosalind Russell – My Sister Eileen, Teresa Wright – The Pride of the Yankees","William Wyler – Mrs. Miniver (winner), Michael Curtiz – Yankee Doodle Dandy, John Farrow – Wake Island, Mervyn LeRoy – Random Harvest, Sam Wood – Kings Row"
1941 (14th),"How Green Was My Valley (winner), Blossoms in the Dust, Citizen Kane, Here Comes Mr. Jordan, Hold Back the Dawn, The Little Foxes, The Maltese Falcon, One Foot in Heaven, Sergeant York, Suspicion","Gary Cooper – Sergeant York (winner), Cary Grant – Penny Serenade, Walter Huston – All That Money Can Buy, Robert Montgomery – Here Comes Mr. Jordan, Orson Welles – Citizen Kane","Joan Fontaine – Suspicion (winner), Bette Davis – The Little Foxes, Olivia de Havilland – Hold Back the Dawn, Greer Garson – Blossoms in the Dust, Barbara Stanwyck – Ball of Fire","John Ford – How Green Was My Valley (winner), Alexander Hall – Here Comes Mr. Jordan, Howard Hawks – Sergeant York, Orson Welles – Citizen Kane, William Wyler – The Little Foxes"
1940 (13th),"Rebecca (winner), All This and Heaven Too, Foreign Correspondent, The Grapes of Wrath, The Great Dictator, Kitty Foyle, The Letter, The Long Voyage Home, Our Town, The Philadelphia Story","James Stewart – The Philadelphia Story (winner), Charles Chaplin – The Great Dictator, Henry Fonda – The Grapes of Wrath, Raymond Massey – Abe Lincoln in Illinois, Laurence Olivier – Rebecca","Ginger Rogers – Kitty Foyle (winner), Bette Davis – The Letter, Joan Fontaine – Rebecca, Katharine Hepburn – The Philadelphia Story, Martha Scott – Our Town","John Ford – The Grapes of Wrath (winner), George Cukor – The Philadelphia Story, Alfred Hitchcock – Rebecca, Sam Wood – Kitty Foyle, William Wyler – The Letter"
1939 (12th),"Gone with the Wind (winner), Dark Victory, Goodbye, Mr. Chips, Love Affair, Mr. Smith Goes to Washington, Ninotchka, Of Mice and Men, Stagecoach, The Wizard of Oz, Wuthering Heights","Robert Donat – Goodbye, Mr. Chips (winner), Clark Gable – Gone with the Wind, Laurence Olivier – Wuthering Heights, Mickey Rooney – Babes in Arms, James Stewart – Mr. Smith Goes to Washington","Vivien Leigh – Gone with the Wind (winner), Bette Davis – Dark Victory, Irene Dunne – Love Affair, Greta Garbo – Ninotchka, Greer Garson – Goodbye, Mr. Chips","Victor Fleming – Gone with the Wind (winner), Frank Capra – Mr. Smith Goes to Washington, John Ford – Stagecoach, Sam Wood – Goodbye, Mr. Chips, William Wyler – Wuthering Heights"
1938 (11th),"You Can’t Take It With You (winner), The Adventures of Robin Hood, Alexander’s Ragtime Band, Boys Town, The Citadel, Four Daughters, Grand Illusion, Jezebel, Pygmalion, Test Pilot","Spencer Tracy – Boys Town (winner), Charles Boyer – Algiers, James Cagney – Angels with Dirty Faces, Robert Donat – The Citadel, Leslie Howard – Pygmalion","Bette Davis – Jezebel (winner), Fay Bainter – White Banners, Wendy Hiller – Pygmalion, Norma Shearer – Marie Antoinette, Margaret Sullavan – Three Comrades","Frank Capra – You Can’t Take It With You (winner), Michael Curtiz – Angels with Dirty Faces, Michael Curtiz – Four Daughters, Norman Taurog – Boys Town, King Vidor – The Citadel"
1937 (10th),"The Life of Emile Zola (winner), The Awful Truth, Captains Courageous, Dead End, The Good Earth, In Old Chicago, Lost Horizon, One Hundred Men and a Girl, Stage Door, A Star Is Born","Spencer Tracy – Captains Courageous (winner), Charles Boyer – Conquest, Fredric March – A Star Is Born, Robert Montgomery – Night Must Fall, Paul Muni – The Life of Emile Zola","Luise Rainer – The Good Earth (winner), Irene Dunne – The Awful Truth, Greta Garbo – Camille, Janet Gaynor – A Star Is Born, Barbara Stanwyck – Stella Dallas","Leo McCarey – The Awful Truth (winner), William Dieterle – The Life of Emile Zola, Sidney Franklin – The Good Earth, Gregory La Cava – Stage Door, William Wellman – A Star Is Born"
1936 (9th),"The Great Ziegfeld (winner), Anthony Adverse, Dodsworth, Libeled Lady, Mr. Deeds Goes to Town, Romeo and Juliet, San Francisco, The Story of Louis Pasteur, A Tale of Two Cities, Three Smart Girls","Paul Muni – The Story of Louis Pasteur (winner), Gary Cooper – Mr. Deeds Goes to Town, Walter Huston – Dodsworth, William Powell – My Man Godfrey, Spencer Tracy – San Francisco","Luise Rainer – The Great Ziegfeld (winner), Irene Dunne – Theodora Goes Wild, Gladys George – Valiant Is the Word for Carrie, Carole Lombard – My Man Godfrey, Norma Shearer – Romeo and Juliet","Frank Capra – Mr. Deeds Goes to Town (winner), Gregory La Cava – My Man Godfrey, William Wyler – Dodsworth, Robert Z. Leonard – The Great Ziegfeld, W.S. Van Dyke – San Francisco"
1935 (8th),"Mutiny on the Bounty (winner), Alice Adams, Broadway Melody of 1936, Captain Blood, David Copperfield, The Informer, Les Misérables, Naughty Marietta, Ruggles of Red Gap, Top Hat","Victor McLaglen – The Informer (winner), Clark Gable – Mutiny on the Bounty, Charles Laughton – Mutiny on the Bounty, Franchot Tone – Mutiny on the Bounty, Paul Muni – Black Fury","Bette Davis – Dangerous (winner), Elisabeth Bergner – Escape Me Never, Claudette Colbert – Private Worlds, Katharine Hepburn – Alice Adams, Miriam Hopkins – Becky Sharp","John Ford – The Informer (winner), Michael Curtiz – Captain Blood, Henry Hathaway – The Lives of a Bengal Lancer, Frank Lloyd – Mutiny on the Bounty, Frank Borzage – Anna Karenina"
1934 (7th),"It Happened One Night (winner), The Barretts of Wimpole Street, Cleopatra, Flirtation Walk, The Gay Divorcee, Here Comes the Navy, The House of Rothschild, Imitation of Life, One Night of Love, Viva Villa!, The White Parade","Clark Gable – It Happened One Night (winner), Frank Morgan – The Affairs of Cellini, William Powell – The Thin Man, Wallace Beery – Viva Villa!, Frank Capra – It Happened One Night","Claudette Colbert – It Happened One Night (winner), Grace Moore – One Night of Love, Norma Shearer – The Barretts of Wimpole Street, Bette Davis – Of Human Bondage, May Robson – Lady for a Day","Frank Capra – It Happened One Night (winner), Victor Schertzinger – One Night of Love, W.S. Van Dyke – The Thin Man, George Cukor – Little Women, Frank Lloyd – Cavalcade"
1933 (6th),"Cavalcade (winner), 42nd Street, A Farewell to Arms, I Am a Fugitive from a Chain Gang, Lady for a Day, Little Women, The Private Life of Henry VIII, She Done Him Wrong, Smilin’ Through, State Fair","Charles Laughton – The Private Life of Henry VIII (winner), Leslie Howard – Berkeley Square, Paul Muni – I Am a Fugitive from a Chain Gang, Clark Gable – It Happened One Night, James Cagney – Public Enemy","Katharine Hepburn – Morning Glory (winner), May Robson – Lady for a Day, Diana Wynyard – Cavalcade, Marie Dressler – Emma, Irene Dunne – Cimarron","Frank Lloyd – Cavalcade (winner), George Cukor – Little Women, Frank Capra – Lady for a Day, Rouben Mamoulian – Love Me Tonight, Alexander Korda – The Private Life of Henry VIII"
1932 (5th),"Grand Hotel (winner), Arrowsmith, Bad Girl, The Champ, Five Star Final, One Hour with You, Shanghai Express, The Smiling Lieutenant","Wallace Beery – The Champ (winner) (tied), Fredric March – Dr. Jekyll and Mr. Hyde (winner) (tie), Alfred Lunt – The Guardsman","Helen Hayes – The Sin of Madelon Claudet (winner), Marie Dressler – Emma, Lynn Fontanne – The Guardsman","Frank Borzage – Bad Girl (winner), King Vidor – The Champ, Josef von Sternberg – Shanghai Express"
1931 (4th),"Cimarron (winner), East Lynne, The Front Page, Skippy, Trader Horn","Lionel Barrymore – A Free Soul (winner), Jackie Cooper – Skippy, Richard Dix – Cimarron, Fredric March – The Royal Family of Broadway, Adolphe Menjou – The Front Page","Marie Dressler – Min and Bill (winner), Marlene Dietrich – Morocco, Irene Dunne – Cimarron, Norma Shearer – A Free Soul, Ann Harding – Holiday","Norman Taurog – Skippy (winner), Wesley Ruggles – Cimarron, Lewis Milestone – The Front Page"
1930 (3rd),"All Quiet on the Western Front (winner), The Big House, Disraeli, The Divorcee, The Love Parade","George Arliss – Disraeli (winner), Wallace Beery – The Big House, Maurice Chevalier – The Big Pond, Ronald Colman – Bulldog Drummond, Laurence Olivier – The Temporary Widow","Norma Shearer – The Divorcee (winner), Nancy Carroll – The Devil’s Holiday, Ruth Chatterton – Sarah and Son, Greta Garbo – Anna Christie, Gloria Swanson – The Trespasser","Lewis Milestone – All Quiet on the Western Front (winner), Clarence Brown – Anna Christie, Robert Z. Leonard – The Divorcee, Ernst Lubitsch – The Love Parade"
1929 (2nd),"The Broadway Melody (winner), Alibi, The Hollywood Revue of 1929, In Old Arizona, The Patriot","Warner Baxter – In Old Arizona (winner), George Bancroft – Thunderbolt, Chester Morris – Alibi, Paul Muni – The Valiant, Lewis Stone – The Patriot","Mary Pickford – Coquette (winner), Ruth Chatterton – Madame X, Betty Compson – The Barker, Jeanne Eagels – The Letter, Bessie Love – The Broadway Melody","Frank Lloyd – The Divine Lady (winner), Lionel Barrymore – Madame X, Harry Beaumont – The Broadway Melody, Irving Cummings – In Old Arizona, Frank Borzage – Lucky Star"
1928 (1st),"Wings (winner), The Racket, Seventh Heaven","Emil Jannings – The Last Command (winner), Richard Barthelmess – The Noose, The Patent Leather Kid","Janet Gaynor – Seventh Heaven (winner), Street Angel, Sunrise: A Song of Two Humans","Frank Borzage – Seventh Heaven (winner) (Dramatic Picture), Lewis Milestone – Two Arabian Knights (winner) (Comedy Picture), Herbert Brenon – Sorrell and Son, King Vidor – The Crowd"